Alabama,Alaska,Arizona,Arkansas,California,Colorado,Connecticut,Delaware,Florida,Georgia,Hawaii,Idaho,Illinois,Indiana,Iowa,Kansas,Kentucky,Louisiana,Maine,Maryland,Massachusetts,Michigan,Minnesota,Mississippi,Missouri,Montana,Nebraska,Nevada,New Hampshire,New Jersey,New Mexico,New York,North Carolina,North Dakota,Ohio,Oklahoma,Oregon,Pennsylvania,Rhode Island,South Carolina,South Dakota,Tennessee,Texas,Utah,Vermont,Virginia,Washington,West Virginia,Wisconsin,Wyoming
2995774.551,527587.2187,2730355.657,1800861.672,24321700,2468136.421,2462990.098,6926873.183,9287143.293,4719438.547,922284.3244,850527.1283,8221304.271,4058960.508,2102110.374,2189257.749,2744545.876,3122619.608,1006924.299,5654080.977,4392902.999,7563269.286,3232310.255,1958186.566,4805552.839,703672.3636,1254734.82,988472.3476,923007.6947,12371595.4,1209963.647,12859820.81,4825802.256,590347.8953,7808716.656,2362912.568,2148472.537,8540238.42,848204.2825,2604119.419,630797.2316,3587338.67,12149924.49,1356887.001,536578.0814,4513770.883,3579918.999,1406827.832,3597651.115,459383.2341
1729611.244,304602.6227,1576371.573,1039727.971,14042140.04,1424979.227,1422007.996,3999232.097,5361934.68,2724769.116,532481.103,491052.0665,4746572.234,2343441.942,1213653.99,1263968.551,1584564.3,1802845.271,581348.0151,3264385.174,2536243.729,4366655.558,1866175.196,1130559.541,2774487.225,406265.4285,724421.4862,570694.776,532898.741,7142743.933,698572.8375,7424621.007,2786178.232,340837.5162,4508364.664,1364228.207,1240421.197,4930708.951,489710.9708,1503489.047,364190.9515,2071150.947,7014762.177,783399.0755,309793.4997,2606026.834,2066867.198,812232.4275,2077104.84,265225.0339
1223019.839,215386.5801,1114663.029,735198.6988,9929292.446,1007612.474,1005511.497,2827884.135,3791460.372,1926702.719,376520.9988,347226.2461,3356333.414,1657063.689,858182.9664,893760.7334,1120456.162,1274804.117,411075.1237,2308268.893,1793395.14,3087691.756,1319585.136,799426.3182,1961858.731,287273.0395,512243.3454,403542.1461,376816.3134,5050682.672,493965.5905,5249999.862,1970125.521,241008.519,3187895.226,964655.0163,877110.2403,3486537.735,346277.9483,1063127.301,257521.8914,1464524.879,4960185.904,553946.7987,219057.0844,1842739.246,1461495.811,574335.0574,1468734.918,187542.42
947347.0938,166837.7275,863414.2698,569482.4633,7691196.857,780493.2666,778865.8563,2190469.632,2936852.576,1492417.509,291651.9116,268960.2937,2599804.683,1283556.014,664745.6674,692304.0872,867901.611,987459.0228,318417.4216,1787977.396,1389157.902,2391715.75,1022146.251,619232.9634,1519649.239,222520.7395,396781.9892,312582.4022,291880.6613,3912241.975,382624.1011,4066632.406,1526052.667,186684.3961,2469333.024,747218.5626,679406.6707,2700660.517,268225.7454,823494.8662,199475.5994,1134416.094,3842143.48,429085.3452,169680.888,1427379.683,1132069.787,444878.0225,1137677.175,145269.7339
773505.663,136222.4341,704974.7992,464980.4842,6279835.937,637270.0836,635941.3087,1788510.965,2397930.087,1218553.793,238132.7886,219605.1602,2122731.635,1048019.097,542762.5646,565263.9201,708638.698,806256.9159,259986.7361,1459877.431,1134242.677,1952827.732,834578.9191,505601.5974,1240788.408,181687.423,323971.1375,255222.4627,238319.562,3194332.196,312411.2704,3320391.456,1246016.785,152427.1711,2016201.971,610101.4016,554733.2237,2205080.078,219005.404,672380.7427,162871.1448,926246.8618,3137097.015,350346.7173,138543.8649,1165450.631,924331.1108,363241.3843,928909.5237,118612.241
653731.6022,115128.9698,595812.451,392980.2346,5307430.061,538591.5225,537468.5028,1511567.652,2026620.816,1029865.923,201258.9395,185600.2355,1794035.673,885737.7987,458718.0908,477735.2071,598909.0107,681411.4629,219728.8962,1233821.622,958610.0245,1650440.667,705347.9244,427311.3412,1048657.602,153553.8986,273805.5853,215702.3502,201416.7918,2699703.447,264035.7144,2806242.966,1053076.387,128824.4722,1704001.674,515629.7953,468835.1442,1863632.81,185093.349,568265.4455,137651.241,782821.4761,2651330.889,296097.0187,117090.9369,984985.5591,781202.3711,306995.0014,785071.8362,100245.6402
566148.1747,99704.61254,515988.7185,340330.8663,4596369.262,466433.9408,465461.3771,1309055.986,1755105.11,891890.0517,174295.3543,160734.5189,1553680.468,767071.4347,397261.5198,413730.8257,518670.4178,590119.6373,190290.806,1068520.868,830180.6336,1429323.545,610849.221,370062.4768,908164.1232,132981.577,237122.5926,186803.715,174432.0585,2338011.767,228661.6362,2430277.698,911990.9033,111565.2656,1475708.738,446548.5017,406023.1451,1613953.357,160295.5423,492132.3119,119209.4716,677943.285,2296119.904,256427.5402,101403.7259,853022.5165,676541.0989,265865.4701,679892.1539,86815.27099
499295.7585,87931.20311,455059.2761,300143.6119,4053616.667,411356.0701,410498.3496,1154478.864,1547857.215,786573.0912,153714.0541,141754.5214,1370217.378,676493.4181,350351.7289,364876.2915,457424.3126,520436.6014,167820.7165,942346.8294,732150.4999,1260544.881,538718.3758,326364.4277,800925.4732,117278.7273,209122.47,164745.3913,153834.6158,2061932.566,201660.6079,2143303.468,804300.376,98391.31588,1301452.776,393818.7613,358078.7561,1423373.07,141367.3804,434019.9031,105132.8719,597889.7783,2024987.416,226147.8336,89429.68023,752295.1471,596653.1664,234471.3053,599608.5192,76563.87235
446583.7028,78648.059,407017.3901,268456.6077,3625664.969,367928.0543,367160.8857,1032597.287,1384445.581,703532.3605,137486.0296,126789.0984,1225559.681,605074.1076,313364.1128,326355.2765,409132.743,465492.6474,150103.4121,842860.6276,654855.315,1127465.617,481844.3636,291909.2184,716369.5212,104897.2826,187044.8235,147352.7575,137593.8633,1844248.553,180370.731,1917028.901,719388.1261,88003.86828,1164054.751,352242.2084,320275.376,1273103.577,126442.829,388199.2028,94033.69932,534768.875,1811203.806,202272.7715,79988.33768,672873.2353,533662.8157,209717.511,536306.1635,68480.80928
403950.1581,71139.84606,368161.0817,242828.1383,3279537.359,332803.4471,332109.517,934019.3894,1252278.146,636368.9639,124360.7929,114685.0546,1108560.442,547310.1233,283448.505,295199.4546,370074.4904,421053.9421,135773.6448,762396.1234,592338.9196,1019831.022,435844.6258,264041.8228,647980.6127,94883.16214,169188.4087,133285.5842,124458.3322,1668185.583,163151.4649,1734017.884,650711.0435,79602.49396,1052927.139,318615.0656,289699.9778,1151565.514,114371.8421,351139.3908,85056.68135,483716.6476,1638295.484,182962.6059,72352.17374,608636.7417,482716.1793,189696.6262,485107.1774,61943.22265
368754.3561,64941.49737,336083.5487,221670.7482,2993794.316,303806.592,303173.1234,852639.1479,1143168.315,580922.7273,113525.3526,104692.6523,1011972.6,499623.5008,258751.9001,269479.0004,337830.2439,384367.9033,123943.8133,695969.2575,540728.9799,930974.0931,397869.8886,241036.1041,591522.664,86616.08039,154447.1798,121672.5351,113614.3933,1522838.123,148936.2294,1582934.517,594015.1949,72666.80262,961186.5759,290854.431,264458.6879,1051230.68,104406.7298,320544.9419,77645.77174,441570.8655,1495552.321,167021.2441,66048.19607,555606.7879,440657.5671,173168.5354,442840.2398,56546.16722
339204.6724,59737.48912,309151.9005,203907.4312,2753890.234,279461.4186,278878.7123,784313.9423,1051561.906,534371.1881,104428.136,96303.23343,930879.4016,459586.7766,238017.1299,247884.6271,310758.6264,353567.0469,114011.7259,640198.6039,497398.3179,856371.6115,365987.0669,221720.9678,544121.7116,79675.20568,142070.7421,111922.4538,104510.0415,1400807.334,137001.405,1456087.977,546414.5066,66843.7364,884163.0536,267547.1634,243266.6112,966991.583,96040.22294,294858.4612,71423.72185,406186.119,1375708.047,153637.199,60755.50386,511083.9108,405346.0066,159291.8845,407353.7735,52014.90858
314042.5036,55306.16814,286219.0434,188781.5983,2549606.931,258730.9985,258191.5172,726133.6123,973557.149,494731.5867,96681.66725,89159.46918,861826.8605,425494.6754,220361.043,229496.5702,287706.5825,327339.4786,105554.3474,592708.7353,460501.3604,792846.0508,338838.1828,205273.7285,503758.8173,73764.90687,131531.9486,103620.0574,96757.49705,1296895.586,126838.6544,1348075.516,505881.533,61885.2747,818575.9265,247700.5415,225221.1182,895260.2438,88915.96878,272985.89,66125.51729,376055.2732,1273658.161,142240.4069,56248.66665,473171.7573,375277.4803,147475.6284,377136.3112,48156.44786
292357.6603,51487.24052,266455.4285,175746.1037,2373554.88,240865.4513,240363.2216,675993.6044,906332.3817,460570.0422,90005.73395,83002.94865,802317.1437,396113.9856,205144.9667,213649.6797,267840.252,304736.4703,98265.74969,551781.8038,428703.4358,738099.5048,315441.1813,191099.4413,468973.9366,68671.39109,122449.5803,96465.02361,90076.32766,1207344.085,118080.3612,1254990.007,470950.0774,57612.05541,762052.7154,230596.6547,209669.4505,833441.9297,82776.26212,254136.0331,61559.50643,350088.407,1185711.22,132418.6124,52364.65888,440498.9334,349364.3212,137292.3384,351094.7986,44831.21317
273475.5498,48161.90345,249246.2305,164395.4268,2220257.288,225308.9988,224839.2059,632334.1159,847796.3127,430823.8252,84192.65482,77642.14899,750498.9669,370530.7051,191895.545,199850.9755,250541.6144,285054.8663,91919.19205,516144.6155,401015.3443,690428.8661,295068.2066,178757.159,438684.9486,64236.20443,114541.0941,90234.76704,84258.68919,1129366.979,110454.0639,1173935.657,440533.459,53891.14317,712835.043,215703.4191,196127.8121,779613.5382,77430.10315,237722.4913,57583.64549,327477.7185,1109131.286,123866.2698,48982.65318,412049.022,326800.3983,128425.223,328419.1117,41935.75998
256885.5485,45240.23077,234126.066,154422.6144,2085568.569,211640.952,211199.6585,593974.4752,796365.9673,404688.5167,79085.22837,72932.09956,704971.0252,348052.9922,180254.4774,187727.3032,235342.8673,267762.4224,86343.04632,484833.4439,376688.3245,648544.9908,277168.3177,167913.1128,412072.7564,60339.40738,107592.6232,84760.80453,79147.25686,1060855.553,103753.5268,1102720.537,413809.1296,50621.91439,669591.9292,202618.0811,184230.0001,732319.4029,72732.91718,223301.3979,54090.41636,307611.7532,1041847.43,116352.1005,46011.19089,387052.66,306975.5216,120634.4914,308496.0381,39391.78734
242194.0177,42652.89862,220736.1719,145591.037,1966292.904,199537.0032,199120.9476,560004.5056,750821.0344,381543.9926,74562.26836,68761.04289,664653.0566,328147.508,169945.5511,176990.9988,221883.3831,252448.8328,81405.00474,457105.3546,355145.1582,611454.0812,261316.796,158310.0009,388505.9205,56888.53884,101439.298,79913.25289,74620.74938,1000184.208,97819.76316,1039654.893,390142.9888,47726.79859,631297.325,191030.1588,173693.7099,690437.3544,68573.25194,210530.577,50996.93361,290019.1422,982263.177,109697.8123,43379.76679,364916.7474,289419.2973,113735.2892,290852.854,37138.93327
229092.6057,40345.60299,208795.5156,137715.334,1859926.885,188743.1094,188349.5603,529711.2316,710205.598,360904.4859,70528.84504,65041.4351,628698.8509,310396.4679,160752.398,167416.7244,209880.6687,238792.6897,77001.42567,432378.3789,335933.6885,578377.6579,247180.9431,149746.2694,367489.8104,53811.17056,95951.96987,75590.36968,70584.16255,946079.5458,92528.2327,983415.0762,369038.322,45145.03188,597147.4874,180696.4403,164297.8012,653088.3549,64863.80265,199141.9892,48238.26994,274330.6445,929127.948,103763.7424,41033.15144,345176.6865,273763.2481,107582.8132,275119.2569,35129.91393
217336.3288,38275.1997,198080.8183,130648.2373,1764481.571,179057.4355,178684.082,502528.1982,673760.189,342384.058,66909.53732,61703.72317,596436.0993,294467.9449,152503.1151,158825.4502,199110.285,226538.6364,73049.96646,410190.1465,318694.6795,548697.224,234496.4323,142061.7847,348631.4454,51049.75876,91028.03123,71711.32121,66962.01612,897529.8637,87779.98896,932949.4579,350100.4925,42828.33773,566503.8478,171423.6949,155866.5799,619574.0144,61535.20622,188922.6791,45762.84101,260252.9006,881448.166,98438.92936,38927.46544,327463.3574,259714.6211,102062.018,261001.044,33327.1626
206728.0841,36406.97692,188412.4404,124271.2617,1678356.751,170317.594,169962.4639,477999.6617,640873.7731,325672.2001,63643.66482,58691.94785,567323.893,280094.8854,145059.3971,151073.1373,189391.6585,215481.2247,69484.37796,390168.6552,303139.1065,521915.165,223050.5984,135127.7108,331614.6508,48558.00631,86584.92856,68211.07234,63693.58211,853721.1898,83495.42411,887411.9441,333011.9933,40737.87506,538852.6427,163056.4583,148258.6903,589332.4402,58531.65627,179701.3123,43529.14444,247549.8866,838424.4441,93634.09876,37027.40539,311479.7829,247037.8806,97080.34348,248261.5129,31700.45484
197107.4944,34712.69048,179644.2132,118487.9989,1600250.374,162391.4541,162052.8509,455754.7951,611049.1671,310516.2591,60681.85345,55960.57657,540922.108,267059.9946,138308.7083,144042.5847,180577.8611,205453.2864,66250.75493,372011.2162,289031.7974,497626.5846,212670.4011,128839.217,316182.1636,46298.24243,82555.49017,65036.70565,60729.44772,813991.2161,79609.76326,846114.0899,317514.4774,38842.03983,513775.8359,155468.2329,141359.1147,561906.4344,55807.74454,171338.4785,41503.41077,236029.5558,799406.3414,89276.61024,35304.24581,296984.3203,235541.3773,92562.47566,236708.0649,30225.19775
188342.7323,33169.12425,171655.9894,113219.2033,1529092.178,155170.4073,154846.8607,435488.7858,583877.6962,296708.5593,57983.51869,53472.18242,516868.9711,255184.6608,132158.5469,137637.4554,172548.1208,196317.4128,63304.7883,355469.0254,276179.4453,475498.666,203213.6046,123110.1347,302122.5185,44239.50246,78884.50228,62144.72405,58028.99658,777795.5387,76069.76275,808490.0074,303395.5884,37114.85418,490929.81,148555.0403,135073.3111,536920.1893,53326.14635,163719.5851,39657.88217,225534.0499,763859.2083,85306.75489,33734.37495,283778.344,225067.5791,88446.50801,226182.3877,28881.17648
180324.4375,31757.0187,164348.0975,108399.1343,1463994.301,148564.3543,148254.582,416948.7687,559020.334,284076.8178,55514.99259,51195.71696,494864.3641,244320.7117,126532.1753,131777.8309,165202.2483,187959.6127,60609.72037,340335.6809,264421.6876,455255.3126,194562.2137,117868.9802,289260.2891,42356.09889,75526.16087,59499.04341,55558.53436,744682.533,72831.25294,774070.2494,290479.1607,35534.76749,470029.5081,142230.6226,129322.8496,514061.9439,51055.89807,156749.5689,37969.53142,215932.4131,731339.5125,81674.9996,32298.20504,271697.0792,215485.8013,84681.08435,216553.1493,27651.62127
172961.1244,30460.26227,157637.1573,103972.7971,1404214.004,142497.9227,142200.7996,399923.2097,536193.468,272476.9116,53248.1103,49105.20665,474657.2234,234344.1942,121365.399,126396.8551,158456.43,180284.5271,58134.80151,326438.5174,253624.3729,436665.5558,186617.5196,113055.9541,277448.7225,40626.54285,72442.14862,57069.4776,53289.8741,714274.3933,69857.28375,742462.1007,278617.8232,34083.75162,450836.4664,136422.8207,124042.1197,493070.8951,48971.09708,150348.9047,36419.09515,207115.0947,701476.2177,78339.90755,30979.34997,260602.6834,206686.7198,81223.24275,207710.484,26522.50339
166175.6731,29265.27337,151452.8819,99893.83226,1349125.176,136907.5757,136622.109,384233.7914,515158.0207,261787.3488,51159.12957,47178.7565,456035.9092,225150.619,116604.1037,121438.1703,152240.0136,173211.7709,55854.11063,313631.9827,243674.4156,419534.6957,179296.3133,108620.6473,266564.1103,39032.71981,69600.1651,54830.58052,51199.25494,686252.6395,67116.70726,713334.5127,267687.3458,32746.60933,433149.6661,131070.8065,119175.8138,473727.1928,47049.9082,144450.5553,34990.33481,198989.7464,673956.55,75266.54859,29763.9967,250378.9594,198578.1771,78036.76745,199561.778,25481.99701
159902.616,28160.52243,145735.6035,96122.88491,1298196.306,131739.3761,131464.6857,369729.1381,495711.0365,251904.9938,49227.89539,45397.7796,438820.7582,216651.2842,112202.3511,116853.9338,146493.0214,166673.1043,53745.64301,301792.5161,234475.8157,403697.4492,172527.9579,104520.2666,256501.4347,37559.25215,66972.79009,52760.7507,49266.50603,660346.9102,64583.08167,686406.4549,257582.2686,31510.43952,416798.4606,126122.9424,114676.9803,455844.2038,45273.79527,138997.6116,33669.46537,191477.9728,648514.9927,72425.27015,28640.41918,240927.2661,191081.94,75090.91449,192028.4104,24520.06306
154086.0163,27136.15841,140434.3415,92626.32958,1250973.262,126947.2393,126682.541,356279.9123,477679.1072,242741.7259,47437.18696,43746.39504,422858.2633,208770.4013,108120.8909,112603.2682,141164.2076,160610.2221,51790.5975,290814.5452,225946.5496,389012.5958,166252.1001,100718.249,247170.9672,36193.00099,64536.59536,50841.53153,47474.39311,636326.2048,62233.8147,661437.8103,248212.4848,30364.21929,401637.0463,121535.1083,110505.5032,439262.4659,43626.92075,133941.45,32444.70866,184512.7914,624924.6837,69790.73661,27598.59849,232163.3227,184131.1647,72359.41577,185043.2064,23628.12398
148677.7946,26183.71402,135505.276,89375.2641,1207065.704,122491.5539,122236.1461,343774.9439,460913.1826,234221.8024,45772.20248,42210.95263,408016.4801,201442.8277,104325.9862,108651.0378,136209.5248,154973.0091,49972.81389,280607.3273,218016.1152,375358.7522,160416.8645,97183.16754,238495.5829,34922.67303,62271.44356,49057.05892,45808.10274,613991.9703,60049.48755,638222.1907,239500.5446,29298.4741,387540.1006,117269.3817,106626.9017,423844.9162,42095.67173,129240.2767,31305.94096,178036.6289,602990.628,67341.17118,26629.92305,224014.6876,177668.3967,69819.69299,178548.4269,22798.8071
143636.3957,25295.87097,130910.5337,86344.70826,1166136.258,118338.0837,118091.3364,332118.1485,445284.4384,226279.7587,44220.14871,40779.65449,394181.3688,194612.2606,100788.478,104966.8748,131590.9027,149718.1507,48278.32488,271092.4332,210623.5775,362631.0062,154977.4146,93887.85961,230408.623,33738.50746,60159.92994,47393.62152,44254.83166,593172.5974,58013.3165,616581.2142,231379.5082,28305.01509,374399.3068,113292.9861,103011.3736,409473.0909,40668.28256,124857.9694,30244.41232,171999.7242,582544.291,65057.75214,25726.94984,216418.749,171643.9782,67452.2317,172494.1681,22025.74021
138925.7182,24466.27142,126617.2117,83512.9603,1127891.83,114457.0858,114218.4308,321226.0521,430680.9575,218858.722,42769.91142,39442.25113,381253.8564,188229.7864,97483.03434,101524.3971,127275.2674,144808.0169,46694.99626,262201.7269,203715.9986,350738.2147,149894.7988,90808.7276,222852.1767,32632.02448,58186.934,45839.3075,42803.45691,573718.9989,56110.72057,596359.9102,223791.2209,27376.72811,362120.5639,109577.4465,99633.02818,396044.0735,39334.53174,120763.1464,29252.52116,166358.8474,563439.2568,62924.12797,24883.2127,209321.1125,166014.7683,65240.07854,166837.0756,21303.38737
134514.2483,23689.36544,122596.5881,80861.07611,1092076.569,110822.5968,110591.5201,311025.7875,417005.044,211909.0464,41411.78866,38189.79544,369147.4591,182252.707,94387.54214,98300.5748,123233.7477,140209.7595,45212.23571,253875.7304,197247.1675,339600.8161,145135.0149,87925.17243,215775.6923,31595.82185,56339.25659,44383.71863,41444.26894,555501.032,54328.97158,577423.0002,216684.9179,26507.40301,350621.7284,106097.9063,96469.26472,383468.0252,38085.49659,116928.4137,28323.63182,161076.2613,545547.7145,60926.02493,24093.06709,202674.2957,160743.1082,63168.43442,161539.3038,20626.91613
130374.3529,22960.28659,118823.4782,78372.44463,1058466.131,107411.8507,107187.8857,301453.4617,404171.0337,205387.1999,40137.27333,37014.44221,357786.3441,176643.5827,91482.6116,95275.2143,119441.0282,135894.5755,43820.75543,246062.2908,191176.5642,329149.0472,140668.2481,85219.13186,209134.8435,30623.4089,54605.32409,43017.73731,40168.75398,538404.5818,52656.90888,559651.8657,210016.0862,25691.59445,339830.7729,102832.5703,93500.26578,371666.1714,36913.35332,113329.7511,27451.92586,156118.8767,528757.594,59050.92715,23351.56366,196436.6637,155795.9769,61224.32283,156567.6683,19992.08914
126481.7007,22274.74983,115275.7062,76032.43937,1026862.979,104204.8014,103987.5234,292452.815,392103.4971,199254.8516,38938.8747,35909.2835,347103.7384,171369.447,88751.16954,92430.5346,115874.8177,131837.1032,42512.37723,238715.4859,185468.51,319321.4795,136468.2459,82674.70164,202890.5999,29709.07048,52974.94563,41733.33523,38969.41541,522329.1671,51084.70523,542942.0602,203745.531,24924.50767,329684.2756,99762.2468,90708.5816,360569.1487,35811.21288,109946.008,26632.27999,151457.5574,512970.2142,57287.8141,22654.34435,190571.556,151144.2986,59396.31762,151892.9491,19395.17535
122814.7827,21628.96724,111933.6689,73828.13065,997092.4882,101183.7283,100972.7496,283974.1144,380735.7551,193478.1172,37809.97101,34868.21278,337040.6152,166401.1575,86178.12336,89750.81743,112515.4112,128014.9231,41279.87167,231794.7212,180091.4649,310063.811,132511.8012,80277.82252,197008.459,28847.75439,51439.11256,40523.41541,37839.6263,507185.9631,49603.67342,527201.2536,197838.6042,24201.90414,320126.1721,96869.97092,88078.78675,350115.6406,34772.98538,106758.4877,25860.16525,147066.5472,498098.342,55626.9437,21997.55668,185046.565,146762.3703,57674.31814,147489.3162,18832.87648
119354.515,21019.57792,108779.9732,71748.04638,968999.7223,98332.90873,98127.8743,275973.2334,370008.6454,188026.9324,36744.68702,33885.81189,327544.6023,161712.8575,83750.08195,87222.11649,109345.325,124408.1431,40116.82432,225263.9781,175017.4448,301327.861,128778.323,78016.02022,191457.8079,28034.97802,49989.83181,39381.68098,36773.50678,492896.1588,48206.10558,512347.5248,192264.564,23520.02313,311106.7183,94140.69008,85597.19475,340251.243,33793.2675,103750.601,25131.56326,142922.9937,484064.5785,54059.67212,21377.78247,179832.9365,142627.3869,56049.36244,143333.8513,18302.26614
116083.9059,20443.58947,105799.1327,69781.97234,942446.7317,95638.34367,95438.9277,268410.8838,359869.4928,182874.5291,35737.79166,32957.25678,318569.0696,157281.5249,81455.12244,84832.01464,106348.9925,120999.052,39017.52405,219091.1876,170221.5336,293070.7319,125249.4783,75878.18819,186211.3901,27266.75024,48619.9867,38302.52546,35765.82168,479389.5842,46885.13899,498307.9346,186996.0391,22875.51629,302581.6243,91561.00219,83251.61977,330927.5169,32867.24834,100907.5778,24442.89623,139006.5499,470800.0111,52578.30332,20791.97832,174905.069,138719.0435,54513.4712,139406.1491,17800.73875
112987.7771,19898.32882,102977.3139,67920.78434,917310.289,93087.52815,92893.43089,261251.9701,350271.2433,177996.996,34784.6121,32078.23819,310072.3632,153086.595,79282.59432,82569.41983,103512.5082,117771.8291,37976.86921,213247.7029,165681.4746,285254.1037,121908.8902,73854.40513,181244.858,26539.50584,47323.22003,37280.94068,34811.89453,466603.5577,45634.64326,485017.3279,182008.5793,22265.39257,294511.3266,89118.93537,81031.17642,322101.1925,31990.6304,98216.22405,23790.96818,135299.0404,458243.0812,51175.96251,20237.42563,170240.0931,135019.2022,53059.51661,135687.9817,17325.96682
110052.528,19381.40076,100302.1213,66156.30655,893479.9748,90669.25696,90480.20206,254465.0447,341171.7337,173372.9071,33880.96124,31244.89477,302017.1589,149109.6401,77222.95414,80424.39297,100823.412,114712.2976,36990.2884,207707.8547,161377.324,277843.6397,118741.8842,71935.78098,176536.3947,25850.05019,46093.83537,36312.43903,33907.53491,454481.9131,44449.12523,472417.3217,177280.2756,21686.97182,286860.3741,86803.76214,78926.11076,313733.4976,31159.5629,95664.71722,23172.91532,131784.1789,446338.6289,49846.48951,19711.68836,165817.5167,131511.6105,51681.11176,132163.0161,16875.86478
107265.9358,18890.65273,97762.41486,64481.19146,870856.5566,88373.4601,88189.19217,248021.8458,332533.0725,168983.007,33023.07614,30453.75637,294369.9136,145334.0997,75267.62527,78388.00185,98270.5062,111807.7174,36053.67338,202448.5743,157291.1589,270808.4816,115735.2725,70114.32632,172066.3933,25195.5123,44926.71339,35392.98753,33048.97695,442974.174,43323.64824,460455.448,172791.4387,21137.84543,279596.9072,84605.84179,76927.65701,305789.588,30370.58515,93242.43248,22586.164,128447.329,435037.0824,48584.3482,19212.57726,161618.9234,128181.6621,50372.51679,128816.5738,16448.55834
104616.9853,18424.14486,95348.15545,62888.8175,849350.6062,86191.06252,86011.34512,241896.9043,324321.1118,164809.943,32207.56568,29701.69569,287100.3987,141745.0494,73408.8785,76452.19685,95843.69939,109046.6068,35163.3218,197449.0724,153406.8271,264120.8202,112877.1704,68382.84114,167817.1845,24573.30485,43817.24058,34518.9517,32232.82686,432034.8516,42253.7634,449084.4226,168524.3249,20615.84275,272692.2142,82516.48618,75027.91547,298238.0623,29620.5784,90939.79479,22028.39485,125275.3004,424293.7679,47384.54949,18738.11941,157627.7166,125016.1943,49128.55894,125635.4266,16042.3584
102095.7236,17980.12431,93050.27186,61373.20158,828881.3186,84113.8642,83938.47797,236067.2065,316504.9967,160838.0354,31431.36569,28985.88699,280181.3,138329.0041,71639.72988,74609.70449,93533.87322,106418.5916,34315.88831,192690.5642,149709.7337,257755.5277,110156.8388,66734.81966,163772.8026,23981.09,42761.24828,33687.04749,31456.01808,421622.8432,41235.45079,438261.5208,164462.9009,20119.00245,266120.3517,80527.84488,73219.74818,291050.5467,28906.72462,88748.15237,21497.51214,122256.1748,414068.319,46242.5853,18286.53209,153828.9002,122003.3131,47944.56425,122607.622,15655.73874
99693.13471,17557.00329,90860.54697,59928.92394,809375.4964,82134.43718,81963.17827,230511.9059,309056.777,157053.0809,30691.70054,28303.77057,273587.8752,135073.748,69953.85303,72853.93609,91332.76788,103914.2739,33508.34253,188156.0334,146186.6583,251689.8421,107564.5501,65164.36862,159918.7851,23416.75,41754.9603,32894.30003,30715.77279,411700.9159,40265.06896,427948.0403,160592.6435,19645.54784,259857.8192,78632.80661,71496.68922,284201.3392,28226.4711,86659.668,20991.61746,119379.1559,404324.1701,45154.37204,17856.20047,150208.8896,119132.2447,46816.29882,119722.3326,15287.31681
97401.03212,17153.34007,88771.51952,58551.06335,790766.6757,80246.03677,80078.71538,225212.0732,301951.0737,153442.1825,29986.04988,27653.02219,267297.658,131968.1892,68345.50349,71178.90905,89232.88333,101525.1207,32737.93282,183830.0291,142825.5961,245903.0952,105091.4712,63666.13689,156241.9997,22878.36194,40794.94783,32138.00813,30009.56867,402235.2618,39339.31144,418108.8391,156900.365,19193.86567,253883.2776,76824.91422,69852.86743,277667.1016,27577.49996,84667.22539,20508.98703,116634.4406,395028.119,44116.20172,17445.65823,146755.35,116393.2063,45739.91818,116969.7271,14935.83725
95211.96534,16767.82252,86776.39914,57235.14108,772994.3686,78442.52474,78278.96386,220150.4813,295164.7897,149993.6032,29312.12,27031.5266,261290.2019,129002.2332,66809.45332,69579.17873,87227.3939,99243.36589,32002.15498,179698.4896,139615.6223,240376.4772,102729.5635,62235.25446,152730.4951,22364.17579,39878.09035,31415.71346,29335.11022,393195.1127,38455.16907,408711.9349,153374.0638,18762.48776,248177.3067,75098.29117,68282.9396,271426.5946,26957.70171,82764.34812,20048.05206,114013.1072,386149.9489,43124.69979,17053.57089,143457.0558,113777.2946,44711.92358,114340.8583,14600.15759
93119.13911,16399.25394,84868.99261,55977.07226,756003.4065,76718.30266,76558.33695,215311.4183,288676.8592,146696.6379,28667.8189,26437.35456,255546.8587,126166.673,65340.93436,68049.77924,85310.07418,97061.92663,31298.72501,175748.5899,136546.7723,235092.8325,100471.4951,60867.27962,149373.371,21872.59541,39001.54177,30725.1739,28690.30378,384552.4065,37609.8973,399728.158,150002.7936,18350.07503,242722.1943,73447.5777,66782.03237,265460.4464,26365.15239,80945.12931,19607.38172,111507.0186,377662.1003,42176.78844,16678.72136,140303.7684,111276.3893,43729.12392,111827.5654,14279.23582
91116.34287,16046.54058,83043.63961,54773.12352,739743.3681,75068.25381,74911.72863,210680.5239,282468.0289,143541.5027,28051.2346,25868.74283,250050.5849,123453.094,63935.58871,66586.17205,83475.23446,94974.32935,30625.55547,171968.6085,133609.9393,230036.4816,98310.56523,59558.15284,146160.6649,21402.16203,38162.70088,30064.34022,28073.23587,376281.4955,36800.98775,391130.8485,146776.5499,17955.40363,237501.7519,71867.87524,65345.69173,259750.9522,25798.09359,79204.17034,19185.6683,109108.7379,369539.3853,41269.65469,16319.99725,137286.1303,108883.0689,42788.60272,109422.3904,13972.11958
89197.88922,15708.68084,81295.15664,53619.87598,724168.0791,73487.69251,73334.46296,206244.6477,276520.6675,140519.2378,27460.61614,25324.07672,244785.7724,120853.7904,62589.42555,65184.20089,81717.66426,92974.64583,29980.73471,168347.8112,130796.7834,225193.0659,96240.6373,58304.15655,143083.2536,20951.53973,37359.18561,29431.33585,27482.15418,368358.8925,36026.14333,382895.5926,143686.1712,17577.35279,232501.155,70354.69788,63969.83887,254281.8986,25254.91499,77536.52735,18781.71425,106811.4545,361758.7373,40400.72254,15976.37988,134395.5723,106590.537,41887.68913,107118.5031,13677.93675
87358.55994,15384.75572,79618.7878,52514.19277,709235.1747,71972.3196,71822.24977,201991.7239,270818.598,137621.6228,26894.35706,24801.87472,239738.101,118361.692,61298.78331,63840.05238,80032.58299,91057.43691,29362.50884,164876.3495,128099.6528,220549.4112,94256.08112,57101.87987,140132.7665,20519.50282,36588.81038,28824.43901,26915.45096,360763.048,35283.25647,374999.9901,140723.2515,17214.89422,227706.8018,68903.92974,62650.73145,249038.4097,24734.13916,75937.66435,18394.42082,104608.92,354298.9931,39567.62848,15646.9346,131624.2319,104392.5579,41023.93267,104909.637,13395.88714
85593.5586,15073.92053,78010.16162,51453.19062,694905.7143,70518.18345,70371.14565,197910.6624,265346.9512,134841.1013,26350.9807,24300.77509,234894.4077,115970.3002,60060.29639,62550.2214,78415.59645,89217.70309,28769.26569,161545.1708,125511.5143,216093.4082,92351.72156,55948.18761,137301.5097,20104.92467,35849.56629,28242.06707,26371.64842,353474.1542,34570.38992,367423.4517,137880.0645,16867.08272,223106.1902,67511.78765,61384.92962,244006.812,24234.40807,74403.41196,18022.77804,102495.3906,347140.6998,38768.20004,15330.80233,128964.8824,102283.4,40195.08092,102790.0319,13125.23526
83898.4688,14775.3975,76465.25297,50434.21466,681143.8424,69121.64549,68977.51962,193991.2513,260092.0358,132170.7161,25829.12743,23819.52397,230242.5727,113673.6312,58870.86581,61311.48049,76862.65859,87450.84095,28199.52084,158345.9397,123025.8916,211813.907,90522.7935,54840.193,134582.3987,19706.76793,35139.60359,27682.76284,25849.38585,346473.9729,33885.75995,360147.0193,135149.4958,16533.04801,218687.8083,66174.78818,60169.26609,239174.5155,23754.47128,72929.93117,17665.85601,100465.5779,340265.9458,38000.43689,15027.19202,126410.8694,100257.7855,39399.0599,100754.3841,12865.30387
82269.21723,14488.46926,74980.34943,49454.81629,667916.4892,67779.34984,67638.02279,190224.0722,255041.2242,129604.0501,25327.54322,23356.96491,225771.4175,111466.1661,57727.63338,60120.85297,75370.0377,85752.6047,27651.9052,155270.9685,120636.8119,207700.6241,88764.90202,53775.2335,131968.8994,19324.07581,34457.21623,27145.18229,25347.40824,339745.6824,33227.72139,353153.2075,132524.9839,16211.98739,214441.0388,64889.71851,59000.8196,234529.908,23293.1755,71513.68118,17322.79702,98514.60425,333658.2111,37262.49408,14735.3741,123956.0558,98310.84707,38633.95678,98797.80206,12615.46836
80702.04099,14212.47314,73552.02148,48512.73351,655193.1051,66488.19636,66349.5615,186600.4247,250182.8512,127135.1754,24845.06964,22912.02959,221470.6157,109342.8066,56627.9587,58975.58898,73934.28644,84119.07215,27125.154,152313.1554,118338.7574,203744.0594,87073.98712,52750.84953,129454.9759,18955.96446,33800.82819,26628.08384,24864.55624,333273.7434,32594.75444,346425.8637,130000.4673,15903.15934,210356.0735,63653.61066,57876.89153,230062.2625,22849.45533,70151.39106,16992.80876,96637.96373,327302.2345,36552.66728,14454.6746,121594.7718,96438.08799,37898.00448,96915.7668,12375.15172
79193.45861,13946.79601,72177.09611,47605.87348,642945.4251,65245.31674,65109.27342,183112.2587,245506.1238,124758.6074,24380.63487,22483.72959,217330.613,107298.8356,55569.39884,57873.14431,72552.21529,82546.6144,26618.09707,149465.9295,116126.623,199935.4233,85446.29243,51764.76539,127035.0433,18601.61612,33168.9813,26130.31876,24399.7572,327043.7783,31985.45297,339950.0429,127570.3377,15605.87782,206423.8376,62463.71863,56794.98507,225761.6541,22422.32504,68840.03448,16675.15816,94831.48736,321183.8962,35869.3796,14184.46994,119321.7719,94635.34795,37189.5681,95104.0974,12143.82008
77740.24417,13690.86976,70852.6332,46732.297,631147.259,64048.05325,63914.50635,179752.1153,241001.0416,122469.2642,23933.24576,22071.14905,213342.5565,105329.8823,54549.69021,56811.16153,71220.86888,81031.86893,26129.65012,146723.2024,113995.6782,196266.5718,83878.33735,50814.87248,124703.927,18260.27307,32560.32443,25650.82263,23952.01719,321042.4652,31398.51406,333711.8974,125229.3987,15319.50711,202635.9224,61317.49797,55752.78672,221618.8864,22010.87128,67576.80726,16369.16596,93091.31223,315290.113,35211.16993,13924.18233,117132.1956,92898.77202,36507.13273,93358.91983,11920.97876
76339.40431,13444.16721,69575.90461,45890.20466,619774.3048,62893.93975,62762.79929,176513.0732,236658.3248,120262.43,23501.98078,21673.43811,209498.2316,103431.8912,53566.7324,55787.45315,69937.50487,79571.71566,25658.80705,144079.3245,111941.5338,192729.9475,82366.89216,49899.2142,122456.8254,17931.23219,31973.60386,25188.60779,23520.41396,315257.4424,30832.72873,327698.5779,122972.8283,15043.45734,198984.5256,60212.58769,54748.14971,217625.4263,21614.24652,66359.1074,16074.20187,91413.8539,309608.7447,34576.68247,13673.27561,115021.5327,91224.78316,35849.29267,91676.63934,11706.16875
74988.15763,13206.19855,68344.37535,45077.92446,608803.9812,61780.6847,61651.8655,173388.7011,232469.3508,118133.7232,23085.98365,21289.80712,205790.0052,101601.0936,52618.57372,54799.98657,68699.5751,78163.25541,25204.63298,141529.0464,109960.1111,189318.5284,80908.95585,49015.97247,120289.2767,17613.84017,31407.65464,24742.75649,23104.09055,309677.2237,30286.97359,321898.1447,120796.1461,14777.18042,195462.3973,59146.79395,53779.07934,213773.3444,21231.66325,65184.5171,15789.68024,89795.78172,304128.5109,33964.65743,13431.25161,112985.5924,89610.05763,35214.74177,90053.91572,11498.96355
73683.91627,12976.50801,67155.68684,44293.90075,598215.2781,60706.15604,60579.57734,170373.0154,228426.0972,116079.067,22684.45765,20919.52136,202210.7756,99833.98321,51703.39828,53846.87062,67504.70873,76803.79075,24766.2581,139067.4839,108047.6155,186025.7811,79501.73623,48163.45574,118197.1297,17307.48914,30861.39289,24312.41485,22702.24963,304291.122,29760.20343,316299.4891,118695.1833,14520.16637,192062.7919,58118.07558,52843.71965,210055.2635,20862.38876,64050.78684,15515.05616,88233.99681,298838.9159,33373.92267,13197.6468,111020.4757,88051.50296,34602.26476,88487.64118,11298.96632
72424.26933,12754.67101,66007.64179,43536.68425,587988.6224,59668.3675,59543.9527,167460.4415,224521.0898,114094.6632,22296.66057,20561.89635,198753.9264,98127.29363,50819.51437,52926.34346,66350.69705,75490.80869,24342.87206,136690.0868,106200.5116,182845.6189,78142.63204,47340.08813,116176.517,17011.61283,30333.80884,23896.78739,22314.14839,299089.181,29251.44452,310892.2617,116666.0563,14271.94011,188779.4253,57124.53099,51940.34164,206464.3106,20505.74045,62955.82091,15249.82198,86725.61221,293730.1819,32803.38622,12972.02938,109122.55,86546.23814,34010.72947,86974.92047,11105.80736
71206.96802,12540.29152,64898.19064,42804.92316,578105.7568,58665.46637,58543.14272,164645.7798,220747.3574,112176.9692,21921.90009,20216.29365,195413.2864,96477.97796,49965.34405,52036.76173,65235.47986,74221.96523,23933.71902,134392.6108,104415.5019,179772.3644,76829.21695,46544.39973,114223.8314,16725.683,29823.96061,23495.13211,21939.09397,294062.1141,28759.78858,305666.8096,114705.1425,14032.05848,185606.4359,56164.38646,51067.33254,202994.0751,20161.08161,61897.66453,14993.50419,85267.93508,288793.1886,32252.02954,12753.99655,107288.4269,85091.57592,33439.07986,85513.05298,10919.14185
70029.91227,12332.9997,63825.41939,42097.35503,568549.6316,57695.72245,57575.42082,161924.1745,217098.3894,110322.6767,21559.52967,19882.11702,192183.0922,94883.19079,49139.41371,51176.59072,64157.1332,72995.07139,23538.09311,132171.0923,102689.507,176800.7157,75559.22507,45775.01782,112335.7042,16449.20639,29330.96863,23106.75607,21576.43934,289201.2485,28284.38743,300614.1176,112809.0592,13800.10765,182538.3496,55235.98555,50223.18626,199638.57,19827.81764,60874.49216,14745.66061,83858.45065,284019.4186,31718.90142,12543.17217,105514.9423,83685.00671,32886.32972,84099.51673,10738.64773
68891.13862,12132.44975,62787.53852,41412.79957,559304.306,56757.51809,56639.17272,159291.0857,213568.099,108528.6925,21208.94485,19558.80901,189057.9556,93340.27186,48340.3456,50344.39557,63113.85825,71808.08055,23155.33438,130021.8256,101019.6476,173925.7157,74330.5379,45030.65898,110508.9856,16181.72179,28854.01053,22731.01141,21225.57955,284498.4757,27824.44804,295725.7574,110974.6433,13575.7007,179570.0485,54337.77958,49406.49466,196392.198,19505.39261,59884.59705,14505.87779,82494.80773,279400.9089,31203.11255,12339.20455,103799.1378,82324.1842,32351.55701,82731.95377,10564.02393
67788.80928,11938.31803,61782.87308,40750.15203,550354.8596,55849.33921,55732.88748,156742.2638,210150.7889,106792.1214,20869.57984,19245.84788,186032.8331,91846.73114,47566.85016,49538.83327,62103.97136,70659.07713,22784.82513,127941.3422,99403.22895,171142.7247,73141.17255,44310.12195,108740.7278,15922.79754,28392.31657,22367.29176,20885.94836,279946.2064,27379.22815,290993.84,109198.9344,13358.47548,176696.7424,53468.31901,48615.93973,193249.7201,19193.28619,58926.38167,14273.76877,81174.80564,274930.2059,30703.83054,12141.76454,102138.2445,81006.91226,31833.8987,81408.1571,10394.98864
66721.20225,11750.30127,60809.85364,40108.37724,541687.3123,54969.76708,54855.14936,154273.7275,206841.1208,105110.2506,20540.9045,18942.74472,183102.9991,90400.23553,46817.71909,48758.6454,61125.89494,69546.26621,22425.98656,125926.392,97837.72594,168447.3952,71989.27108,43612.28114,107028.1683,15672.02915,27945.16553,22015.02893,20557.01523,275537.3292,26948.03225,286410.9734,107479.1587,13148.09264,173913.9426,52626.24562,47850.28653,190206.2272,18891.01083,57998.34916,14048.97096,79896.38234,270600.3258,30220.27543,11950.5437,100529.6677,79731.13313,31332.54613,80126.05875,10231.27781
65686.70235,11568.11503,59867.00811,39486.50427,533288.5507,54117.47101,54004.63041,151881.7418,203634.0875,103480.5356,20222.42157,18649.04096,180264.021,88998.5966,46091.81902,48002.65162,60178.14924,68467.96421,22078.27578,123973.9266,96320.77009,165835.6495,70873.09074,42936.08079,105368.7164,15429.03724,27511.88091,21673.68998,20238.28251,271265.1739,26530.208,281970.2242,105812.7142,12944.23389,171217.4391,51810.28541,47108.37669,187257.1148,18598.1092,57099.09549,13831.14426,78657.60371,266404.7178,29751.71565,11765.25273,98970.97375,78494.91665,30846.7408,78883.71903,10072.64374
64683.79304,11391.49221,58952.95431,38883.62147,525146.2626,53291.20156,53180.08382,149562.8004,200524.9876,101900.5873,19913.66418,18364.30606,177511.7369,87639.7596,45388.0858,47269.74368,59259.34492,67422.5904,21741.18307,122081.0837,94850.13762,163303.6588,69790.99528,42280.52961,103759.9392,15193.46558,27091.82752,21342.77452,19929.28295,267123.4776,26125.14287,277665.0825,104197.1581,12746.6004,168603.2789,51019.24223,46389.1226,184398.0597,18314.15193,56227.30238,13619.96935,77456.65374,262337.2313,29297.46431,11585.62,97459.87778,77296.4506,30375.77053,77679.31672,9918.853884
63711.04901,11220.18182,58066.39322,38298.87205,517248.8765,52489.78446,52380.33775,147313.6077,197509.4025,100368.1604,19614.19352,18088.13535,174842.2354,86321.7934,44705.51931,46558.87997,58368.17618,66408.6591,21414.22937,120245.1734,93423.73851,160847.8248,68741.44684,41644.69595,102199.5505,14964.9794,26684.40841,21021.81226,19629.57742,263106.3544,25732.2612,273489.4299,102630.1942,12554.91128,166067.7468,50251.99188,45691.50207,181624.9986,18038.73546,55381.73086,13415.14612,76291.82568,258392.0858,28856.87583,11411.39023,95994.23222,76134.03175,29918.96601,76511.14015,9769.689689
62767.12944,11053.94771,57206.1028,37731.44999,509585.5065,51712.11503,51604.28985,145131.0632,194583.1755,98881.14246,19323.59681,17820.14816,172251.8369,85042.88132,44043.1787,45869.08065,57503.41466,65424.77272,21096.96399,118463.6649,92039.60661,158464.7623,67722.99874,41027.70338,100685.3994,14743.26374,26289.06199,20710.36079,19338.75279,259208.267,25351.02144,269437.5106,101109.6629,12368.90231,163607.3479,49507.47677,45014.5535,178934.1091,17771.48016,54561.21542,13216.39222,75161.51392,254563.8433,28429.34293,11242.32325,94572.01683,75006.05781,29475.69756,75377.57911,9624.945544
61850.77179,10892.56755,56370.93238,37180.59633,502145.9027,50957.15312,50850.90211,143012.2478,191742.3927,97437.54464,19041.48537,17559.98605,169737.0765,83801.31276,43400.17808,45199.42309,56663.90369,64469.61528,20788.96258,116734.1755,90695.89059,156151.284,66734.28875,40428.72666,99215.46062,14528.02206,25905.25946,20408.00352,19056.42007,255424.0016,24980.91367,265503.9051,99633.53015,12188.3247,161218.7912,48784.70109,44357.37146,176321.7921,17512.02856,53764.65857,13023.44184,74064.20665,250847.3833,28014.29375,11078.19293,93191.32933,73911.02009,29045.37231,74277.11743,9484.427848
60960.78623,10735.83179,55559.79754,36645.59583,494920.4051,50223.91845,50119.19631,140954.4103,188983.3655,96035.49249,18767.49288,17307.3112,167294.6891,82595.47561,42775.68253,44549.03777,55848.55321,63541.94655,20489.82522,115054.4595,89390.84571,153904.3858,65774.0331,39846.98803,97787.82561,14318.97488,25532.50248,20114.34788,18782.21268,251748.6445,24621.45732,261683.5059,98199.87944,12012.94398,158898.9754,48082.72634,43719.10263,173784.6556,17260.04379,52991.02603,12836.04441,72998.47905,247237.8803,27611.18937,10918.78616,91850.37699,72847.49672,28627.43149,73208.32621,9347.954145